{
  "accuracy": 0.5826086956521739,
  "weights": {
    "VPRWG": 4.0,
    "ZBEYU": 4.0,
    "GKORG": 5.0,
    "JCDYM": 6.0,
    "LUXEM": 5.0,
    "EEWPQ": 5.0,
    "PIIRP": 6.0,
    "YHIYY": 6.0,
    "MXSBY": 3.0,
    "ASXLP": 4.0,
    "YFVMV": 5.0,
    "FCHGZ": 6.0,
    "RQUMP": 5.0,
    "ISFDE": 6.0,
    "YPAXY": 5.0,
    "LUNIH": 5.0,
    "LIFLX": 5.0,
    "HKJPS": 7.0,
    "WDLPA": 5.0,
    "ZORRY": 8.0,
    "HMUGW": 5.0,
    "ZVAPL": 6.0,
    "ALMVK": 6.0,
    "BRHWF": 5.0,
    "BZLYI": 5.0,
    "IEDWO": 6.0,
    "XWBVZ": 5.0,
    "ZJOIV": 3.0,
    "FLPVV": 6.0
  },
  "timestamp": "2026-01-09T21:03:52.388499"
}