iteration,timestamp,accuracy,sample_count,weight_VPRWG,weight_ZBEYU,weight_GKORG,weight_JCDYM,weight_LUXEM,weight_EEWPQ,weight_PIIRP,weight_YHIYY,weight_MXSBY,weight_ASXLP,weight_YFVMV,weight_FCHGZ,weight_RQUMP,weight_ISFDE,weight_YPAXY,weight_LUNIH,weight_LIFLX,weight_HKJPS,weight_WDLPA,weight_ZORRY,weight_HMUGW,weight_ZVAPL,weight_ALMVK,weight_BRHWF,weight_BZLYI,weight_IEDWO,weight_XWBVZ,weight_ZJOIV,weight_FLPVV
1,2026-01-09T20:45:28.546404,0.5391304347826087,573,9,9,9,8,6,5,5,4,4,10,10,9,9,7,7,7,7,6,6,10,9,8,8,8,8,7,6,6,5
2,2026-01-09T20:46:32.511826,0.5391304347826087,573,8.5,10.0,9,8,6,2.86,5,2.37,2.9,10.0,5.24,9,7.83,10.0,7,7,7,6.63,7.72,10,9,8.75,8,8,8,7,8.05,6,5
3,2026-01-09T20:47:36.736659,0.5391304347826087,573,9,9,10.0,10.0,3.66,5,5,5.68,6.92,10,10,9,8.66,7,7,7,7,6,6.31,10,9,8,8,8,10.0,7,6,6,5
4,2026-01-09T20:48:41.117538,0.46956521739130436,573,9.7,9,10.0,8,6,2.82,1.51,7.64,4,10,10,9,9,7,10.0,3.95,7,6,6,8.5,9,8,8,5.71,8,7.92,10.0,6,4.23
5,2026-01-09T20:49:46.030193,0.5391304347826087,573,9,9,9,3.82,6,5,5,4,4,10,7.14,9,9,7,7,7,10.0,6,6,10,10.0,8,8,7.11,10.0,7,10.0,10.0,5
